{
  "sections": {
    "index-hero-banner": {
      "type": "index-hero-banner"
    },
    "about-mist-valley": {
      "type": "about-mist-valley"
    },
    "best-seller": {
      "type": "best-seller"
    },
    "our-brands": {
      "type": "our-brands"
    },
    "we-buy": {
      "type": "we-buy"
    },
    "our-tea-selection": {
      "type": "our-tea-selection"
    },
    "latest-updates": {
      "type": "latest-updates"
    }
  },
  "order": [
    "index-hero-banner",
    "about-mist-valley",
    "best-seller",
    "our-brands",
    "we-buy",
    "our-tea-selection",
    "latest-updates"
  ]
}
