{
    "token":"014e1c0faa7eebd5dae152689d7c3c96",
    "note":null,
    "attributes":{

    },
    "original_total_price":5102,
    "total_price":5102,
    "total_discount":0,
    "total_weight":3572.7,
    "item_count":2,
    "items":[
        {
            "id":41204520681662,
            "properties":{

            },
            "quantity":1,
            "variant_id":41204520681662,
            "key":"41204520681662:8fa051ba9b6659ad5c0ab826e2128146",
            "title":"Assortment Pack - Ceylon Tea",
            "price":299,
            "original_price":299,
            "discounted_price":299,
            "line_price":299,
            "original_line_price":299,
            "total_discount":0,
            "discounts":[

            ],
            "sku":"",
            "grams":448,
            "vendor":"Mist Valley - The Origin of Tea",
            "taxable":true,
            "product_id":7049192046782,
            "product_has_only_default_variant":false,
            "gift_card":false,
            "final_price":299,
            "final_line_price":299,
            "url":"\/products\/assortment-pack?variant=41204520681662",
            "featured_image":{
                "aspect_ratio":1.0,
                "alt":"Assortment Pack",
                "height":1600,
                "url":"https:\/\/cdn.shopify.com\/s\/files\/1\/0598\/2765\/0750\/products\/Assortment-pack1.jpg?v=1643351880",
                "width":1600
            },
            "image":"https:\/\/cdn.shopify.com\/s\/files\/1\/0598\/2765\/0750\/products\/Assortment-pack1.jpg?v=1643351880",
            "handle":"assortment-pack",
            "requires_shipping":true,
            "product_type":"Pyramid Teabags",
            "product_title":"Assortment Pack",
            "product_description":"An assortment of exquisite teas from Mist Valley. Featuring the robust and full bodied Classic Breakfast, the delightful Muscatel Misty Darjeeling, the naturally imprinted Redolent Natural Osmanthus with its fruity notes, the naturally imprinted The Natural Scent of Jasmine and the bittersweet and delicate Golden Bud Chrysanthemum. For connoisseurs of quality tea.",
            "variant_title":"Ceylon Tea",
            "variant_options":[
                "Ceylon Tea"
            ],
            "options_with_values":[
                {
                    "name":"Origins",
                    "value":"Ceylon Tea"
                }
            ],
            "line_level_discount_allocations":[

            ],
            "line_level_total_discount":0
        },
        {
            "id":41205950054590,
            "properties":{

            },
            "quantity":1,
            "variant_id":41205950054590,
            "key":"41205950054590:703450944c4c147e809dfbce1343aa65",
            "title":"9 Slot Sachet Presenter with Tea (9 variants X 5 sachets) - Ceylon Tea",
            "price":4803,
            "original_price":4803,
            "discounted_price":4803,
            "line_price":4803,
            "original_line_price":4803,
            "total_discount":0,
            "discounts":[

            ],
            "sku":"",
            "grams":3125,
            "vendor":"Mist Valley - The Origin of Tea",
            "taxable":true,
            "product_id":7049210659006,
            "product_has_only_default_variant":false,
            "gift_card":false,
            "final_price":4803,
            "final_line_price":4803,
            "url":"\/products\/tea-presenter-box-9-slot?variant=41205950054590",
            "featured_image":{
                "aspect_ratio":1.0,
                "alt":"9 Slot Sachet Presenter with Tea (9 variants X 5 sachets)",
                "height":1600,
                "url":"https:\/\/cdn.shopify.com\/s\/files\/1\/0598\/2765\/0750\/products\/R2M_7604_bd10163f-485a-4000-a3a1-da41d5e75dc7.jpg?v=1637900025",
                "width":1600
            },
            "image":"https:\/\/cdn.shopify.com\/s\/files\/1\/0598\/2765\/0750\/products\/R2M_7604_bd10163f-485a-4000-a3a1-da41d5e75dc7.jpg?v=1637900025",
            "handle":"tea-presenter-box-9-slot",
            "requires_shipping":true,
            "product_type":"Accessories",
            "product_title":"9 Slot Sachet Presenter with Tea (9 variants X 5 sachets)",
            "product_description":"A wooden sachet presenter box featuring 9 slots for the Mist Valley tea sachets. The presenter lid includes a menu which gives the tasting notes of the 9 tea variants presented in the box. The 9 variants are Classic Breakfast, Misty Darjeeling, Cooling Peppermint, Calming Chamomile, The Original Scent of Jasmine, Redolent Natural Osmanthus, Exquisite Earl Grey, Bi Luo Green Tea and Signature Blend. There are 5 pyramid teabag sachets in each variant.",
            "variant_title":"Ceylon Tea",
            "variant_options":[
                "Ceylon Tea"
            ],
            "options_with_values":[
                {
                    "name":"Origins",
                    "value":"Ceylon Tea"
                }
            ],
            "line_level_discount_allocations":[

            ],
            "line_level_total_discount":0
        }
    ],
    "requires_shipping":true,
    "currency":"USD",
    "items_subtotal_price":5102,
    "cart_level_discount_applications":[

    ],
    "sections":{
        "template--15023874670782__cart-items":"\u003cdiv id=\"shopify-section-template--15023874670782__cart-items\" class=\"shopify-section\"\u003e\u003clink href=\"\/\/cdn.shopify.com\/s\/files\/1\/0598\/2765\/0750\/t\/1\/assets\/component-cart.css?v=17001640768576557975\" rel=\"stylesheet\" type=\"text\/css\" media=\"all\" \/\u003e\n\u003clink href=\"\/\/cdn.shopify.com\/s\/files\/1\/0598\/2765\/0750\/t\/1\/assets\/component-cart-items.css?v=6676459300940143214\" rel=\"stylesheet\" type=\"text\/css\" media=\"all\" \/\u003e\n\u003clink href=\"\/\/cdn.shopify.com\/s\/files\/1\/0598\/2765\/0750\/t\/1\/assets\/component-totals.css?v=3500820033250284308\" rel=\"stylesheet\" type=\"text\/css\" media=\"all\" \/\u003e\n\u003clink href=\"\/\/cdn.shopify.com\/s\/files\/1\/0598\/2765\/0750\/t\/1\/assets\/component-price.css?v=532882773505955499\" rel=\"stylesheet\" type=\"text\/css\" media=\"all\" \/\u003e\n\u003clink href=\"\/\/cdn.shopify.com\/s\/files\/1\/0598\/2765\/0750\/t\/1\/assets\/component-discounts.css?v=5107755923369473100\" rel=\"stylesheet\" type=\"text\/css\" media=\"all\" \/\u003e\n\u003clink href=\"\/\/cdn.shopify.com\/s\/files\/1\/0598\/2765\/0750\/t\/1\/assets\/component-loading-overlay.css?v=16731047084359357984\" rel=\"stylesheet\" type=\"text\/css\" media=\"all\" \/\u003e\n\n\u003cscript src=\"\/\/cdn.shopify.com\/s\/files\/1\/0598\/2765\/0750\/t\/1\/assets\/cart.js?v=1001749736538512154\" defer=\"defer\"\u003e\u003c\/script\u003e\n\n\u003ccart-items class=\"page-width\"\u003e\n  \u003cdiv class=\"title-wrapper-with-link\"\u003e\n    \u003ch1 class=\"title title--primary\"\u003eYour cart\u003c\/h1\u003e\n    \u003ca href=\"\/collections\/all\" class=\"underlined-link\"\u003eContinue shopping\u003c\/a\u003e\n  \u003c\/div\u003e\n\n  \u003cdiv class=\"cart__warnings\"\u003e\n    \u003ch1 class=\"cart__empty-text\"\u003eYour cart is empty\u003c\/h1\u003e\n    \u003ca href=\"\/collections\/all\" class=\"button\"\u003e\n      Continue shopping\n    \u003c\/a\u003e\u003ch2 class=\"cart__login-title\"\u003eHave an account?\u003c\/h2\u003e\n      \u003cp class=\"cart__login-paragraph\"\u003e\n        \u003ca href=\"\/account\/login\" class=\"link underlined-link\"\u003eLog in\u003c\/a\u003e to check out faster.\n      \u003c\/p\u003e\u003c\/div\u003e\n\n  \u003cform action=\"\/cart\" class=\"cart__contents critical-hidden\" method=\"post\" id=\"cart\"\u003e\n    \u003cdiv class=\"cart__items\" id=\"main-cart-items\" data-id=\"template--15023874670782__cart-items\"\u003e\n      \u003cdiv class=\"js-contents\"\u003e\u003ctable class=\"cart-items\"\u003e\n            \u003cthead\u003e\n              \u003ctr\u003e\n                \u003cth class=\"caption-with-letter-spacing\" colspan=\"2\" scope=\"col\"\u003eProduct\u003c\/th\u003e\n                \u003cth class=\"medium-hide large-up-hide right caption-with-letter-spacing\" colspan=\"1\" scope=\"col\"\u003eTotal\u003c\/th\u003e\n                \u003cth class=\"cart-items__heading--wide small-hide caption-with-letter-spacing\" colspan=\"1\" scope=\"col\"\u003eQuantity\u003c\/th\u003e\n                \u003cth class=\"small-hide right caption-with-letter-spacing\" colspan=\"1\" scope=\"col\"\u003eTotal\u003c\/th\u003e\n              \u003c\/tr\u003e\n            \u003c\/thead\u003e\n\n            \u003ctbody\u003e\u003ctr class=\"cart-item\" id=\"CartItem-1\"\u003e\n                  \u003ctd class=\"cart-item__media\"\u003e\n                    \n                      \n                      \u003ca href=\"\/products\/assortment-pack?variant=41204520681662\" class=\"cart-item__link\" aria-hidden=\"true\" tabindex=\"-1\"\u003e \u003c\/a\u003e\n                      \u003cimg class=\"cart-item__image\"\n                        src=\"\/\/cdn.shopify.com\/s\/files\/1\/0598\/2765\/0750\/products\/Assortment-pack1_300x.jpg?v=1643351880\"\n                        alt=\"\"\n                        loading=\"lazy\"\n                        width=\"150\"\n                        height=\"150\"\n                      \u003e\n                    \n                  \u003c\/td\u003e\n\n                  \u003ctd class=\"cart-item__details\"\u003e\u003ca href=\"\/products\/assortment-pack?variant=41204520681662\" class=\"cart-item__name h4 break\"\u003eAssortment Pack\u003c\/a\u003e\u003cdl\u003e\u003cdiv class=\"product-option\"\u003e\n                              \u003cdt\u003eOrigins: \u003c\/dt\u003e\n                              \u003cdd\u003eCeylon Tea\u003c\/dd\u003e\n                            \u003c\/div\u003e\u003c\/dl\u003e\n\n                      \u003cp class=\"product-option\"\u003e\u003c\/p\u003e\u003cul class=\"discounts list-unstyled\" role=\"list\" aria-label=\"Discount\"\u003e\u003c\/ul\u003e\n\n                    \u003cdiv class=\"cart-item__error\" id=\"Line-item-error-1\" role=\"alert\"\u003e\n                      \u003csmall class=\"cart-item__error-text\"\u003e\u003c\/small\u003e\n                      \u003csvg aria-hidden=\"true\" focusable=\"false\" role=\"presentation\" class=\"icon icon-error\" viewBox=\"0 0 13 13\"\u003e\n                        \u003ccircle cx=\"6.5\" cy=\"6.50049\" r=\"5.5\" stroke=\"white\" stroke-width=\"2\"\/\u003e\n                        \u003ccircle cx=\"6.5\" cy=\"6.5\" r=\"5.5\" fill=\"#EB001B\" stroke=\"#EB001B\" stroke-width=\"0.7\"\/\u003e\n                        \u003cpath d=\"M5.87413 3.52832L5.97439 7.57216H7.02713L7.12739 3.52832H5.87413ZM6.50076 9.66091C6.88091 9.66091 7.18169 9.37267 7.18169 9.00504C7.18169 8.63742 6.88091 8.34917 6.50076 8.34917C6.12061 8.34917 5.81982 8.63742 5.81982 9.00504C5.81982 9.37267 6.12061 9.66091 6.50076 9.66091Z\" fill=\"white\"\/\u003e\n                        \u003cpath d=\"M5.87413 3.17832H5.51535L5.52424 3.537L5.6245 7.58083L5.63296 7.92216H5.97439H7.02713H7.36856L7.37702 7.58083L7.47728 3.537L7.48617 3.17832H7.12739H5.87413ZM6.50076 10.0109C7.06121 10.0109 7.5317 9.57872 7.5317 9.00504C7.5317 8.43137 7.06121 7.99918 6.50076 7.99918C5.94031 7.99918 5.46982 8.43137 5.46982 9.00504C5.46982 9.57872 5.94031 10.0109 6.50076 10.0109Z\" fill=\"white\" stroke=\"#EB001B\" stroke-width=\"0.7\"\u003e\n                      \u003c\/svg\u003e\n                    \u003c\/div\u003e\n                  \u003c\/td\u003e\n\n                  \u003ctd class=\"cart-item__totals right medium-hide large-up-hide\"\u003e\n                    \u003cdiv class=\"loading-overlay hidden\"\u003e\n                      \u003cdiv class=\"loading-overlay__spinner\"\u003e\n                        \u003csvg aria-hidden=\"true\" focusable=\"false\" role=\"presentation\" class=\"spinner\" viewBox=\"0 0 66 66\" xmlns=\"http:\/\/www.w3.org\/2000\/svg\"\u003e\n                          \u003ccircle class=\"path\" fill=\"none\" stroke-width=\"6\" cx=\"33\" cy=\"33\" r=\"30\"\u003e\u003c\/circle\u003e\n                        \u003c\/svg\u003e\n                      \u003c\/div\u003e\n                    \u003c\/div\u003e\n                    \u003cdiv class=\"cart-item__price-wrapper\"\u003e\u003cspan class=\"price price--end\"\u003e\n                          $2.99\n                        \u003c\/span\u003e\u003c\/div\u003e\n                  \u003c\/td\u003e\n\n                  \u003ctd class=\"cart-item__quantity\"\u003e\n                    \u003clabel class=\"visually-hidden\" for=\"Quantity-1\"\u003e\n                      Quantity\n                    \u003c\/label\u003e\n                    \u003cquantity-input class=\"quantity\"\u003e\n                      \u003cbutton class=\"quantity__button no-js-hidden\" name=\"minus\" type=\"button\"\u003e\n                        \u003cspan class=\"visually-hidden\"\u003eDecrease quantity for Assortment Pack\u003c\/span\u003e\n                        \u003csvg xmlns=\"http:\/\/www.w3.org\/2000\/svg\" aria-hidden=\"true\" focusable=\"false\" role=\"presentation\" class=\"icon icon-minus\" fill=\"none\" viewBox=\"0 0 10 2\"\u003e\n  \u003cpath fill-rule=\"evenodd\" clip-rule=\"evenodd\" d=\"M.5 1C.5.7.7.5 1 .5h8a.5.5 0 110 1H1A.5.5 0 01.5 1z\" fill=\"currentColor\"\u003e\n\u003c\/svg\u003e\n\n                      \u003c\/button\u003e\n                      \u003cinput class=\"quantity__input\"\n                        type=\"number\"\n                        name=\"updates[]\"\n                        value=\"1\"\n                        min=\"0\"\n                        aria-label=\"Quantity for Assortment Pack\"\n                        id=\"Quantity-1\"\n                        data-index=\"1\"\n                      \u003e\n                      \u003cbutton class=\"quantity__button no-js-hidden\" name=\"plus\" type=\"button\"\u003e\n                        \u003cspan class=\"visually-hidden\"\u003eIncrease quantity for Assortment Pack\u003c\/span\u003e\n                        \u003csvg xmlns=\"http:\/\/www.w3.org\/2000\/svg\" aria-hidden=\"true\" focusable=\"false\" role=\"presentation\" class=\"icon icon-plus\" fill=\"none\" viewBox=\"0 0 10 10\"\u003e\n  \u003cpath fill-rule=\"evenodd\" clip-rule=\"evenodd\" d=\"M1 4.51a.5.5 0 000 1h3.5l.01 3.5a.5.5 0 001-.01V5.5l3.5-.01a.5.5 0 00-.01-1H5.5L5.49.99a.5.5 0 00-1 .01v3.5l-3.5.01H1z\" fill=\"currentColor\"\u003e\n\u003c\/svg\u003e\n\n                      \u003c\/button\u003e\n                    \u003c\/quantity-input\u003e\n\n                    \u003ccart-remove-button id=\"Remove-1\" data-index=\"1\"\u003e\n                      \u003ca href=\"\/cart\/change?id=41204520681662:8fa051ba9b6659ad5c0ab826e2128146\u0026quantity=0\" class=\"button button--tertiary\" aria-label=\"Remove Assortment Pack - Ceylon Tea\"\u003e\n                        \u003csvg xmlns=\"http:\/\/www.w3.org\/2000\/svg\" viewBox=\"0 0 16 16\" aria-hidden=\"true\" focusable=\"false\" role=\"presentation\" class=\"icon icon-remove\"\u003e\n  \u003cpath d=\"M14 3h-3.53a3.07 3.07 0 00-.6-1.65C9.44.82 8.8.5 8 .5s-1.44.32-1.87.85A3.06 3.06 0 005.53 3H2a.5.5 0 000 1h1.25v10c0 .28.22.5.5.5h8.5a.5.5 0 00.5-.5V4H14a.5.5 0 000-1zM6.91 1.98c.23-.29.58-.48 1.09-.48s.85.19 1.09.48c.2.24.3.6.36 1.02h-2.9c.05-.42.17-.78.36-1.02zm4.84 11.52h-7.5V4h7.5v9.5z\" fill=\"currentColor\"\/\u003e\n  \u003cpath d=\"M6.55 5.25a.5.5 0 00-.5.5v6a.5.5 0 001 0v-6a.5.5 0 00-.5-.5zM9.45 5.25a.5.5 0 00-.5.5v6a.5.5 0 001 0v-6a.5.5 0 00-.5-.5z\" fill=\"currentColor\"\/\u003e\n\u003c\/svg\u003e\n\n                      \u003c\/a\u003e\n                    \u003c\/cart-remove-button\u003e\n                  \u003c\/td\u003e\n\n                  \u003ctd class=\"cart-item__totals right small-hide\"\u003e\n                    \u003cdiv class=\"loading-overlay hidden\"\u003e\n                      \u003cdiv class=\"loading-overlay__spinner\"\u003e\n                        \u003csvg aria-hidden=\"true\" focusable=\"false\" role=\"presentation\" class=\"spinner\" viewBox=\"0 0 66 66\" xmlns=\"http:\/\/www.w3.org\/2000\/svg\"\u003e\n                          \u003ccircle class=\"path\" fill=\"none\" stroke-width=\"6\" cx=\"33\" cy=\"33\" r=\"30\"\u003e\u003c\/circle\u003e\n                        \u003c\/svg\u003e\n                      \u003c\/div\u003e\n                    \u003c\/div\u003e\n\n                    \u003cdiv class=\"cart-item__price-wrapper\"\u003e\u003cspan class=\"price price--end\"\u003e\n                          $2.99\n                        \u003c\/span\u003e\u003c\/div\u003e\n                  \u003c\/td\u003e\n                \u003c\/tr\u003e\u003ctr class=\"cart-item\" id=\"CartItem-2\"\u003e\n                  \u003ctd class=\"cart-item__media\"\u003e\n                    \n                      \n                      \u003ca href=\"\/products\/tea-presenter-box-9-slot?variant=41205950054590\" class=\"cart-item__link\" aria-hidden=\"true\" tabindex=\"-1\"\u003e \u003c\/a\u003e\n                      \u003cimg class=\"cart-item__image\"\n                        src=\"\/\/cdn.shopify.com\/s\/files\/1\/0598\/2765\/0750\/products\/R2M_7604_bd10163f-485a-4000-a3a1-da41d5e75dc7_300x.jpg?v=1637900025\"\n                        alt=\"\"\n                        loading=\"lazy\"\n                        width=\"150\"\n                        height=\"150\"\n                      \u003e\n                    \n                  \u003c\/td\u003e\n\n                  \u003ctd class=\"cart-item__details\"\u003e\u003ca href=\"\/products\/tea-presenter-box-9-slot?variant=41205950054590\" class=\"cart-item__name h4 break\"\u003e9 Slot Sachet Presenter with Tea (9 variants X 5 sachets)\u003c\/a\u003e\u003cdl\u003e\u003cdiv class=\"product-option\"\u003e\n                              \u003cdt\u003eOrigins: \u003c\/dt\u003e\n                              \u003cdd\u003eCeylon Tea\u003c\/dd\u003e\n                            \u003c\/div\u003e\u003c\/dl\u003e\n\n                      \u003cp class=\"product-option\"\u003e\u003c\/p\u003e\u003cul class=\"discounts list-unstyled\" role=\"list\" aria-label=\"Discount\"\u003e\u003c\/ul\u003e\n\n                    \u003cdiv class=\"cart-item__error\" id=\"Line-item-error-2\" role=\"alert\"\u003e\n                      \u003csmall class=\"cart-item__error-text\"\u003e\u003c\/small\u003e\n                      \u003csvg aria-hidden=\"true\" focusable=\"false\" role=\"presentation\" class=\"icon icon-error\" viewBox=\"0 0 13 13\"\u003e\n                        \u003ccircle cx=\"6.5\" cy=\"6.50049\" r=\"5.5\" stroke=\"white\" stroke-width=\"2\"\/\u003e\n                        \u003ccircle cx=\"6.5\" cy=\"6.5\" r=\"5.5\" fill=\"#EB001B\" stroke=\"#EB001B\" stroke-width=\"0.7\"\/\u003e\n                        \u003cpath d=\"M5.87413 3.52832L5.97439 7.57216H7.02713L7.12739 3.52832H5.87413ZM6.50076 9.66091C6.88091 9.66091 7.18169 9.37267 7.18169 9.00504C7.18169 8.63742 6.88091 8.34917 6.50076 8.34917C6.12061 8.34917 5.81982 8.63742 5.81982 9.00504C5.81982 9.37267 6.12061 9.66091 6.50076 9.66091Z\" fill=\"white\"\/\u003e\n                        \u003cpath d=\"M5.87413 3.17832H5.51535L5.52424 3.537L5.6245 7.58083L5.63296 7.92216H5.97439H7.02713H7.36856L7.37702 7.58083L7.47728 3.537L7.48617 3.17832H7.12739H5.87413ZM6.50076 10.0109C7.06121 10.0109 7.5317 9.57872 7.5317 9.00504C7.5317 8.43137 7.06121 7.99918 6.50076 7.99918C5.94031 7.99918 5.46982 8.43137 5.46982 9.00504C5.46982 9.57872 5.94031 10.0109 6.50076 10.0109Z\" fill=\"white\" stroke=\"#EB001B\" stroke-width=\"0.7\"\u003e\n                      \u003c\/svg\u003e\n                    \u003c\/div\u003e\n                  \u003c\/td\u003e\n\n                  \u003ctd class=\"cart-item__totals right medium-hide large-up-hide\"\u003e\n                    \u003cdiv class=\"loading-overlay hidden\"\u003e\n                      \u003cdiv class=\"loading-overlay__spinner\"\u003e\n                        \u003csvg aria-hidden=\"true\" focusable=\"false\" role=\"presentation\" class=\"spinner\" viewBox=\"0 0 66 66\" xmlns=\"http:\/\/www.w3.org\/2000\/svg\"\u003e\n                          \u003ccircle class=\"path\" fill=\"none\" stroke-width=\"6\" cx=\"33\" cy=\"33\" r=\"30\"\u003e\u003c\/circle\u003e\n                        \u003c\/svg\u003e\n                      \u003c\/div\u003e\n                    \u003c\/div\u003e\n                    \u003cdiv class=\"cart-item__price-wrapper\"\u003e\u003cspan class=\"price price--end\"\u003e\n                          $48.03\n                        \u003c\/span\u003e\u003c\/div\u003e\n                  \u003c\/td\u003e\n\n                  \u003ctd class=\"cart-item__quantity\"\u003e\n                    \u003clabel class=\"visually-hidden\" for=\"Quantity-2\"\u003e\n                      Quantity\n                    \u003c\/label\u003e\n                    \u003cquantity-input class=\"quantity\"\u003e\n                      \u003cbutton class=\"quantity__button no-js-hidden\" name=\"minus\" type=\"button\"\u003e\n                        \u003cspan class=\"visually-hidden\"\u003eDecrease quantity for 9 Slot Sachet Presenter with Tea (9 variants X 5 sachets)\u003c\/span\u003e\n                        \u003csvg xmlns=\"http:\/\/www.w3.org\/2000\/svg\" aria-hidden=\"true\" focusable=\"false\" role=\"presentation\" class=\"icon icon-minus\" fill=\"none\" viewBox=\"0 0 10 2\"\u003e\n  \u003cpath fill-rule=\"evenodd\" clip-rule=\"evenodd\" d=\"M.5 1C.5.7.7.5 1 .5h8a.5.5 0 110 1H1A.5.5 0 01.5 1z\" fill=\"currentColor\"\u003e\n\u003c\/svg\u003e\n\n                      \u003c\/button\u003e\n                      \u003cinput class=\"quantity__input\"\n                        type=\"number\"\n                        name=\"updates[]\"\n                        value=\"1\"\n                        min=\"0\"\n                        aria-label=\"Quantity for 9 Slot Sachet Presenter with Tea (9 variants X 5 sachets)\"\n                        id=\"Quantity-2\"\n                        data-index=\"2\"\n                      \u003e\n                      \u003cbutton class=\"quantity__button no-js-hidden\" name=\"plus\" type=\"button\"\u003e\n                        \u003cspan class=\"visually-hidden\"\u003eIncrease quantity for 9 Slot Sachet Presenter with Tea (9 variants X 5 sachets)\u003c\/span\u003e\n                        \u003csvg xmlns=\"http:\/\/www.w3.org\/2000\/svg\" aria-hidden=\"true\" focusable=\"false\" role=\"presentation\" class=\"icon icon-plus\" fill=\"none\" viewBox=\"0 0 10 10\"\u003e\n  \u003cpath fill-rule=\"evenodd\" clip-rule=\"evenodd\" d=\"M1 4.51a.5.5 0 000 1h3.5l.01 3.5a.5.5 0 001-.01V5.5l3.5-.01a.5.5 0 00-.01-1H5.5L5.49.99a.5.5 0 00-1 .01v3.5l-3.5.01H1z\" fill=\"currentColor\"\u003e\n\u003c\/svg\u003e\n\n                      \u003c\/button\u003e\n                    \u003c\/quantity-input\u003e\n\n                    \u003ccart-remove-button id=\"Remove-2\" data-index=\"2\"\u003e\n                      \u003ca href=\"\/cart\/change?id=41205950054590:703450944c4c147e809dfbce1343aa65\u0026quantity=0\" class=\"button button--tertiary\" aria-label=\"Remove 9 Slot Sachet Presenter with Tea (9 variants X 5 sachets) - Ceylon Tea\"\u003e\n                        \u003csvg xmlns=\"http:\/\/www.w3.org\/2000\/svg\" viewBox=\"0 0 16 16\" aria-hidden=\"true\" focusable=\"false\" role=\"presentation\" class=\"icon icon-remove\"\u003e\n  \u003cpath d=\"M14 3h-3.53a3.07 3.07 0 00-.6-1.65C9.44.82 8.8.5 8 .5s-1.44.32-1.87.85A3.06 3.06 0 005.53 3H2a.5.5 0 000 1h1.25v10c0 .28.22.5.5.5h8.5a.5.5 0 00.5-.5V4H14a.5.5 0 000-1zM6.91 1.98c.23-.29.58-.48 1.09-.48s.85.19 1.09.48c.2.24.3.6.36 1.02h-2.9c.05-.42.17-.78.36-1.02zm4.84 11.52h-7.5V4h7.5v9.5z\" fill=\"currentColor\"\/\u003e\n  \u003cpath d=\"M6.55 5.25a.5.5 0 00-.5.5v6a.5.5 0 001 0v-6a.5.5 0 00-.5-.5zM9.45 5.25a.5.5 0 00-.5.5v6a.5.5 0 001 0v-6a.5.5 0 00-.5-.5z\" fill=\"currentColor\"\/\u003e\n\u003c\/svg\u003e\n\n                      \u003c\/a\u003e\n                    \u003c\/cart-remove-button\u003e\n                  \u003c\/td\u003e\n\n                  \u003ctd class=\"cart-item__totals right small-hide\"\u003e\n                    \u003cdiv class=\"loading-overlay hidden\"\u003e\n                      \u003cdiv class=\"loading-overlay__spinner\"\u003e\n                        \u003csvg aria-hidden=\"true\" focusable=\"false\" role=\"presentation\" class=\"spinner\" viewBox=\"0 0 66 66\" xmlns=\"http:\/\/www.w3.org\/2000\/svg\"\u003e\n                          \u003ccircle class=\"path\" fill=\"none\" stroke-width=\"6\" cx=\"33\" cy=\"33\" r=\"30\"\u003e\u003c\/circle\u003e\n                        \u003c\/svg\u003e\n                      \u003c\/div\u003e\n                    \u003c\/div\u003e\n\n                    \u003cdiv class=\"cart-item__price-wrapper\"\u003e\u003cspan class=\"price price--end\"\u003e\n                          $48.03\n                        \u003c\/span\u003e\u003c\/div\u003e\n                  \u003c\/td\u003e\n                \u003c\/tr\u003e\u003c\/tbody\u003e\n          \u003c\/table\u003e\u003c\/div\u003e\n    \u003c\/div\u003e\n\n    \u003cp class=\"visually-hidden\" id=\"cart-live-region-text\" aria-live=\"polite\" role=\"status\"\u003e\u003c\/p\u003e\n    \u003cp class=\"visually-hidden\" id=\"shopping-cart-line-item-status\" aria-live=\"polite\" aria-hidden=\"true\" role=\"status\"\u003eLoading...\u003c\/p\u003e\n  \u003c\/form\u003e\n\u003c\/cart-items\u003e\n\n\n\u003c\/div\u003e",
        "cart-icon-bubble":"\u003cdiv id=\"shopify-section-cart-icon-bubble\" class=\"shopify-section\"\u003e\u003csvg class=\"icon icon-cart\" aria-hidden=\"true\" focusable=\"false\" role=\"presentation\" xmlns=\"http:\/\/www.w3.org\/2000\/svg\" viewBox=\"0 0 40 40\" fill=\"none\"\u003e\n  \u003cpath fill=\"currentColor\" fill-rule=\"evenodd\" d=\"M20.5 6.5a4.75 4.75 0 00-4.75 4.75v.56h-3.16l-.77 11.6a5 5 0 004.99 5.34h7.38a5 5 0 004.99-5.33l-.77-11.6h-3.16v-.57A4.75 4.75 0 0020.5 6.5zm3.75 5.31v-.56a3.75 3.75 0 10-7.5 0v.56h7.5zm-7.5 1h7.5v.56a3.75 3.75 0 11-7.5 0v-.56zm-1 0v.56a4.75 4.75 0 109.5 0v-.56h2.22l.71 10.67a4 4 0 01-3.99 4.27h-7.38a4 4 0 01-4-4.27l.72-10.67h2.22z\"\/\u003e\n\u003c\/svg\u003e\n\u003cspan class=\"visually-hidden\"\u003eCart\u003c\/span\u003e\u003cdiv class=\"cart-count-bubble\"\u003e\u003cspan aria-hidden=\"true\"\u003e2\u003c\/span\u003e\u003cspan class=\"visually-hidden\"\u003e2 items\u003c\/span\u003e\n  \u003c\/div\u003e\u003c\/div\u003e",
        "cart-live-region-text":"\u003cdiv id=\"shopify-section-cart-live-region-text\" class=\"shopify-section\"\u003eNew subtotal: $51.02 USD\n\u003c\/div\u003e",
        "template--15023874670782__cart-footer":"\u003cdiv id=\"shopify-section-template--15023874670782__cart-footer\" class=\"shopify-section cart__footer-wrapper\"\u003e\u003clink href=\"\/\/cdn.shopify.com\/s\/files\/1\/0598\/2765\/0750\/t\/1\/assets\/component-cart.css?v=17001640768576557975\" rel=\"stylesheet\" type=\"text\/css\" media=\"all\" \/\u003e\n\u003clink href=\"\/\/cdn.shopify.com\/s\/files\/1\/0598\/2765\/0750\/t\/1\/assets\/component-totals.css?v=3500820033250284308\" rel=\"stylesheet\" type=\"text\/css\" media=\"all\" \/\u003e\n\u003clink href=\"\/\/cdn.shopify.com\/s\/files\/1\/0598\/2765\/0750\/t\/1\/assets\/component-price.css?v=532882773505955499\" rel=\"stylesheet\" type=\"text\/css\" media=\"all\" \/\u003e\n\u003clink href=\"\/\/cdn.shopify.com\/s\/files\/1\/0598\/2765\/0750\/t\/1\/assets\/component-discounts.css?v=5107755923369473100\" rel=\"stylesheet\" type=\"text\/css\" media=\"all\" \/\u003e\n\n\u003cdiv class=\"page-width\" id=\"main-cart-footer\" data-id=\"template--15023874670782__cart-footer\"\u003e\n  \u003cdiv\u003e\n    \u003cdiv class=\"cart__footer\"\u003e\u003cdiv class=\"cart__blocks\"\u003e\n        \n\u003cdiv class=\"js-contents\" \u003e\n                \u003cdiv class=\"totals\"\u003e\n                  \u003ch3 class=\"totals__subtotal\"\u003eSubtotal\u003c\/h3\u003e\n                  \u003cp class=\"totals__subtotal-value\"\u003e$51.02 USD\u003c\/p\u003e\n                \u003c\/div\u003e\n\n                \u003cdiv\u003e\u003c\/div\u003e\n\n                \u003csmall class=\"tax-note caption-large rte\"\u003eTaxes and shipping calculated at checkout\n\u003c\/small\u003e\n              \u003c\/div\u003e\n\u003cdiv class=\"cart__ctas\" \u003e\n                \u003cnoscript\u003e\n                  \u003cbutton type=\"submit\" class=\"cart__update-button button button--secondary\" form=\"cart\"\u003e\n                    Update\n                  \u003c\/button\u003e\n                \u003c\/noscript\u003e\n\n                \u003cbutton type=\"submit\" id=\"checkout\" class=\"cart__checkout-button button\" name=\"checkout\" form=\"cart\"\u003e\n                  Check out\n                \u003c\/button\u003e\n              \u003c\/div\u003e\n\n        \u003cdiv id=\"cart-errors\"\u003e\u003c\/div\u003e\n      \u003c\/div\u003e\n    \u003c\/div\u003e\n  \u003c\/div\u003e\n\u003c\/div\u003e\n\n\n\n\u003cscript\u003e\n  document.addEventListener('DOMContentLoaded', function() {\n    function isIE() {\n      const ua = window.navigator.userAgent;\n      const msie = ua.indexOf('MSIE ');\n      const trident = ua.indexOf('Trident\/');\n\n      return (msie \u003e 0 || trident \u003e 0);\n    }\n\n    if (!isIE()) return;\n    const cartSubmitInput = document.createElement('input');\n    cartSubmitInput.setAttribute('name', 'checkout');\n    cartSubmitInput.setAttribute('type', 'hidden');\n    document.querySelector('#cart').appendChild(cartSubmitInput);\n    document.querySelector('#checkout').addEventListener('click', function(event) {\n      document.querySelector('#cart').submit();\n    });\n  });\n\u003c\/script\u003e\n\n\n\u003c\/div\u003e"
    }
}
